{"K": {"b": 0.8987378404413505, "p": 0.1012621595586494}, "Q": {"b": 0.003077040100511395, "p": 0.9969229598994885}, "J": {"b": 0.2999679690949862, "p": 0.7000320309050139}, "Kp": {"b": 0.9984553731639352, "p": 0.0015446268360648167}, "Qp": {"b": 0.0041296649638311155, "p": 0.995870335036169}, "Jp": {"b": 0.3327032445184646, "p": 0.6672967554815353}, "Kb": {"b": 0.9987151715675875, "p": 0.001284828432412492}, "Qb": {"b": 0.3356842674488712, "p": 0.6643157325511287}, "Jb": {"b": 0.0012927230118827875, "p": 0.9987072769881172}, "Kpb": {"b": 0.9987884426347906, "p": 0.0012115573652093758}, "Qpb": {"b": 0.6334646608529916, "p": 0.36653533914700837}, "Jpb": {"b": 0.0012218129482370473, "p": 0.9987781870517629}}